<?xml version="1.0" encoding="UTF-8"?>
<project-private xmlns="http://www.netbeans.org/ns/project-private/1">
    <editor-bookmarks xmlns="http://www.netbeans.org/ns/editor-bookmarks/2" lastBookmarkId="0"/>
    <open-files xmlns="http://www.netbeans.org/ns/projectui-open-files/2">
        <group>
            <file>file:/C:/Users/05667341093/Documents/NetBeansProjects/Exercicio_02_Thread/src/Exercicio_02_Thread.java</file>
            <file>file:/C:/Users/05667341093/Documents/NetBeansProjects/Exercicio_02_Thread/src/MinhaThread.java</file>
        </group>
    </open-files>
</project-private>
